city_id,city,country,probability_tif,map_preview,is_training_city
47,Freetown,Sierra Leone,city_probability_maps/sierra-leone/freetown_47/morphological_informality_probability.tif,city_probability_maps/sierra-leone/freetown_47/map_preview.png,true
431,Cape Town,South Africa,city_probability_maps/south-africa/cape-town_431/morphological_informality_probability.tif,city_probability_maps/south-africa/cape-town_431/map_preview.png,true
1289,Lagos,Nigeria,city_probability_maps/nigeria/lagos_1289/morphological_informality_probability.tif,city_probability_maps/nigeria/lagos_1289/map_preview.png,true
1711,Kampala,Uganda,city_probability_maps/uganda/kampala_1711/morphological_informality_probability.tif,city_probability_maps/uganda/kampala_1711/map_preview.png,true
1717,Nairobi,Kenya,city_probability_maps/kenya/nairobi_1717/morphological_informality_probability.tif,city_probability_maps/kenya/nairobi_1717/map_preview.png,true
3175,Accra,Ghana,city_probability_maps/ghana/accra_3175/morphological_informality_probability.tif,city_probability_maps/ghana/accra_3175/map_preview.png,true
3570,Dar es-Salaam,Tanzania,city_probability_maps/tanzania/dar-es-salaam_3570/morphological_informality_probability.tif,city_probability_maps/tanzania/dar-es-salaam_3570/map_preview.png,true
7209,Port Harcourt,Nigeria,city_probability_maps/nigeria/port-harcourt_7209/morphological_informality_probability.tif,city_probability_maps/nigeria/port-harcourt_7209/map_preview.png,true
39,Dakar,Senegal,city_probability_maps/senegal/dakar_39/morphological_informality_probability.tif,city_probability_maps/senegal/dakar_39/map_preview.png,false
40,Serrekunda,Gambia,city_probability_maps/gambia/serrekunda_40/morphological_informality_probability.tif,city_probability_maps/gambia/serrekunda_40/map_preview.png,false
50,Monrovia,Liberia,city_probability_maps/liberia/monrovia_50/morphological_informality_probability.tif,city_probability_maps/liberia/monrovia_50/map_preview.png,false
222,Nouakchott,Mauritania,city_probability_maps/mauritania/nouakchott_222/morphological_informality_probability.tif,city_probability_maps/mauritania/nouakchott_222/map_preview.png,false
291,Alexandria,Egypt,city_probability_maps/egypt/alexandria_291/morphological_informality_probability.tif,city_probability_maps/egypt/alexandria_291/map_preview.png,false
295,Bujumbura,Burundi,city_probability_maps/burundi/bujumbura_295/morphological_informality_probability.tif,city_probability_maps/burundi/bujumbura_295/map_preview.png,false
299,Maputo,Mozambique,city_probability_maps/mozambique/maputo_299/morphological_informality_probability.tif,city_probability_maps/mozambique/maputo_299/map_preview.png,false
391,Bamako,Mali,city_probability_maps/mali/bamako_391/morphological_informality_probability.tif,city_probability_maps/mali/bamako_391/map_preview.png,false
395,Bobo-Dioulasso,Burkina Faso,city_probability_maps/burkina-faso/bobo-dioulasso_395/morphological_informality_probability.tif,city_probability_maps/burkina-faso/bobo-dioulasso_395/map_preview.png,false
424,N'Djamena,Chad,city_probability_maps/chad/n-djamena_424/morphological_informality_probability.tif,city_probability_maps/chad/n-djamena_424/map_preview.png,false
427,Brazzaville,Republic of the Congo,city_probability_maps/republic-of-the-congo/brazzaville_427/morphological_informality_probability.tif,city_probability_maps/republic-of-the-congo/brazzaville_427/map_preview.png,false
461,Lilongwe,Malawi,city_probability_maps/malawi/lilongwe_461/morphological_informality_probability.tif,city_probability_maps/malawi/lilongwe_461/map_preview.png,false
548,Niamey,Niger,city_probability_maps/niger/niamey_548/morphological_informality_probability.tif,city_probability_maps/niger/niamey_548/map_preview.png,false
564,Cabinda,Angola,city_probability_maps/angola/cabinda_564/morphological_informality_probability.tif,city_probability_maps/angola/cabinda_564/map_preview.png,false
582,Bangui,Central African Republic,city_probability_maps/central-african-republic/bangui_582/morphological_informality_probability.tif,city_probability_maps/central-african-republic/bangui_582/map_preview.png,false
597,Kigali,Rwanda,city_probability_maps/rwanda/kigali_597/morphological_informality_probability.tif,city_probability_maps/rwanda/kigali_597/map_preview.png,false
673,Coyah,Guinea,city_probability_maps/guinea/coyah_673/morphological_informality_probability.tif,city_probability_maps/guinea/coyah_673/map_preview.png,false
820,Lomé,Togo,city_probability_maps/togo/lome_820/morphological_informality_probability.tif,city_probability_maps/togo/lome_820/map_preview.png,false
832,Douala,Cameroon,city_probability_maps/cameroon/douala_832/morphological_informality_probability.tif,city_probability_maps/cameroon/douala_832/map_preview.png,false
945,Oran,Algeria,city_probability_maps/algeria/oran_945/morphological_informality_probability.tif,city_probability_maps/algeria/oran_945/map_preview.png,false
1063,Takoradi,Ghana,city_probability_maps/ghana/takoradi_1063/morphological_informality_probability.tif,city_probability_maps/ghana/takoradi_1063/map_preview.png,false
1082,Luanda,Angola,city_probability_maps/angola/luanda_1082/morphological_informality_probability.tif,city_probability_maps/angola/luanda_1082/map_preview.png,false
1284,Kumasi,Ghana,city_probability_maps/ghana/kumasi_1284/morphological_informality_probability.tif,city_probability_maps/ghana/kumasi_1284/map_preview.png,false
1301,Lubango,Angola,city_probability_maps/angola/lubango_1301/morphological_informality_probability.tif,city_probability_maps/angola/lubango_1301/map_preview.png,false
1399,Tunis,Tunisia,city_probability_maps/tunisia/tunis_1399/morphological_informality_probability.tif,city_probability_maps/tunisia/tunis_1399/map_preview.png,false
1419,Harare,Zimbabwe,city_probability_maps/zimbabwe/harare_1419/morphological_informality_probability.tif,city_probability_maps/zimbabwe/harare_1419/map_preview.png,false
1487,Ouagadougou,Burkina Faso,city_probability_maps/burkina-faso/ouagadougou_1487/morphological_informality_probability.tif,city_probability_maps/burkina-faso/ouagadougou_1487/map_preview.png,false
1517,Lusaka,Zambia,city_probability_maps/zambia/lusaka_1517/morphological_informality_probability.tif,city_probability_maps/zambia/lusaka_1517/map_preview.png,false
1588,Cotonou,Benin,city_probability_maps/benin/cotonou_1588/morphological_informality_probability.tif,city_probability_maps/benin/cotonou_1588/map_preview.png,false
1763,Touba,Senegal,city_probability_maps/senegal/touba_1763/morphological_informality_probability.tif,city_probability_maps/senegal/touba_1763/map_preview.png,false
1876,Kinshasa,Democratic Republic of the Congo,city_probability_maps/democratic-republic-of-the-congo/kinshasa_1876/morphological_informality_probability.tif,city_probability_maps/democratic-republic-of-the-congo/kinshasa_1876/map_preview.png,false
1900,Hargeisa,Somalia,city_probability_maps/somalia/hargeisa_1900/morphological_informality_probability.tif,city_probability_maps/somalia/hargeisa_1900/map_preview.png,false
1985,Antananarivo,Madagascar,city_probability_maps/madagascar/antananarivo_1985/morphological_informality_probability.tif,city_probability_maps/madagascar/antananarivo_1985/map_preview.png,false
2047,Nyala,Sudan,city_probability_maps/sudan/nyala_2047/morphological_informality_probability.tif,city_probability_maps/sudan/nyala_2047/map_preview.png,false
2276,Yaoundé,Cameroon,city_probability_maps/cameroon/yaounde_2276/morphological_informality_probability.tif,city_probability_maps/cameroon/yaounde_2276/map_preview.png,false
2880,Ibadan,Nigeria,city_probability_maps/nigeria/ibadan_2880/morphological_informality_probability.tif,city_probability_maps/nigeria/ibadan_2880/map_preview.png,false
2902,Mombasa,Kenya,city_probability_maps/kenya/mombasa_2902/morphological_informality_probability.tif,city_probability_maps/kenya/mombasa_2902/map_preview.png,false
2967,Mogadishu,Somalia,city_probability_maps/somalia/mogadishu_2967/morphological_informality_probability.tif,city_probability_maps/somalia/mogadishu_2967/map_preview.png,false
2996,Abidjan,Côte d'Ivoire,city_probability_maps/cote-d-ivoire/abidjan_2996/morphological_informality_probability.tif,city_probability_maps/cote-d-ivoire/abidjan_2996/map_preview.png,false
3306,Nampula,Mozambique,city_probability_maps/mozambique/nampula_3306/morphological_informality_probability.tif,city_probability_maps/mozambique/nampula_3306/map_preview.png,false
3397,Algiers,Algeria,city_probability_maps/algeria/algiers_3397/morphological_informality_probability.tif,city_probability_maps/algeria/algiers_3397/map_preview.png,false
3509,Malanje,Angola,city_probability_maps/angola/malanje_3509/morphological_informality_probability.tif,city_probability_maps/angola/malanje_3509/map_preview.png,false
3512,Johannesburg,South Africa,city_probability_maps/south-africa/johannesburg_3512/morphological_informality_probability.tif,city_probability_maps/south-africa/johannesburg_3512/map_preview.png,false
3562,Tshikapa,Democratic Republic of the Congo,city_probability_maps/democratic-republic-of-the-congo/tshikapa_3562/morphological_informality_probability.tif,city_probability_maps/democratic-republic-of-the-congo/tshikapa_3562/map_preview.png,false
3673,Zanzibar City,Tanzania,city_probability_maps/tanzania/zanzibar-city_3673/morphological_informality_probability.tif,city_probability_maps/tanzania/zanzibar-city_3673/map_preview.png,false
3809,Soshanguve,South Africa,city_probability_maps/south-africa/soshanguve_3809/morphological_informality_probability.tif,city_probability_maps/south-africa/soshanguve_3809/map_preview.png,false
3943,Pretoria,South Africa,city_probability_maps/south-africa/pretoria_3943/morphological_informality_probability.tif,city_probability_maps/south-africa/pretoria_3943/map_preview.png,false
4155,Khartoum,Sudan,city_probability_maps/sudan/khartoum_4155/morphological_informality_probability.tif,city_probability_maps/sudan/khartoum_4155/map_preview.png,false
4183,Ilorin,Nigeria,city_probability_maps/nigeria/ilorin_4183/morphological_informality_probability.tif,city_probability_maps/nigeria/ilorin_4183/map_preview.png,false
4230,El Mahalla El Kubra,Egypt,city_probability_maps/egypt/el-mahalla-el-kubra_4230/morphological_informality_probability.tif,city_probability_maps/egypt/el-mahalla-el-kubra_4230/map_preview.png,false
4305,Banha,Egypt,city_probability_maps/egypt/banha_4305/morphological_informality_probability.tif,city_probability_maps/egypt/banha_4305/map_preview.png,false
4416,Kananga,Democratic Republic of the Congo,city_probability_maps/democratic-republic-of-the-congo/kananga_4416/morphological_informality_probability.tif,city_probability_maps/democratic-republic-of-the-congo/kananga_4416/map_preview.png,false
4605,Cairo,Egypt,city_probability_maps/egypt/cairo_4605/morphological_informality_probability.tif,city_probability_maps/egypt/cairo_4605/map_preview.png,false
4787,Durban,South Africa,city_probability_maps/south-africa/durban_4787/morphological_informality_probability.tif,city_probability_maps/south-africa/durban_4787/map_preview.png,false
4952,Kasaï-Oriental,Democratic Republic of the Congo,city_probability_maps/democratic-republic-of-the-congo/kasai-oriental_4952/morphological_informality_probability.tif,city_probability_maps/democratic-republic-of-the-congo/kasai-oriental_4952/map_preview.png,false
5167,El Mansura,Egypt,city_probability_maps/egypt/el-mansura_5167/morphological_informality_probability.tif,city_probability_maps/egypt/el-mansura_5167/map_preview.png,false
5862,Addis Ababa,Ethiopia,city_probability_maps/ethiopia/addis-ababa_5862/morphological_informality_probability.tif,city_probability_maps/ethiopia/addis-ababa_5862/map_preview.png,false
5918,Al Zaqaziq,Egypt,city_probability_maps/egypt/al-zaqaziq_5918/morphological_informality_probability.tif,city_probability_maps/egypt/al-zaqaziq_5918/map_preview.png,false
5935,Benin City,Nigeria,city_probability_maps/nigeria/benin-city_5935/morphological_informality_probability.tif,city_probability_maps/nigeria/benin-city_5935/map_preview.png,false
6009,Warri,Nigeria,city_probability_maps/nigeria/warri_6009/morphological_informality_probability.tif,city_probability_maps/nigeria/warri_6009/map_preview.png,false
6321,Lubumbashi,Democratic Republic of the Congo,city_probability_maps/democratic-republic-of-the-congo/lubumbashi_6321/morphological_informality_probability.tif,city_probability_maps/democratic-republic-of-the-congo/lubumbashi_6321/map_preview.png,false
6474,Okene,Nigeria,city_probability_maps/nigeria/okene_6474/morphological_informality_probability.tif,city_probability_maps/nigeria/okene_6474/map_preview.png,false
6776,Asyut,Egypt,city_probability_maps/egypt/asyut_6776/morphological_informality_probability.tif,city_probability_maps/egypt/asyut_6776/map_preview.png,false
7054,Beni,Democratic Republic of the Congo,city_probability_maps/democratic-republic-of-the-congo/beni_7054/morphological_informality_probability.tif,city_probability_maps/democratic-republic-of-the-congo/beni_7054/map_preview.png,false
7092,Onitsha,Nigeria,city_probability_maps/nigeria/onitsha_7092/morphological_informality_probability.tif,city_probability_maps/nigeria/onitsha_7092/map_preview.png,false
7093,Suhaj,Egypt,city_probability_maps/egypt/suhaj_7093/morphological_informality_probability.tif,city_probability_maps/egypt/suhaj_7093/map_preview.png,false
7131,Owerri,Nigeria,city_probability_maps/nigeria/owerri_7131/morphological_informality_probability.tif,city_probability_maps/nigeria/owerri_7131/map_preview.png,false
7222,Luxor,Egypt,city_probability_maps/egypt/luxor_7222/morphological_informality_probability.tif,city_probability_maps/egypt/luxor_7222/map_preview.png,false
7426,Aboh,Nigeria,city_probability_maps/nigeria/aboh_7426/morphological_informality_probability.tif,city_probability_maps/nigeria/aboh_7426/map_preview.png,false
7471,Abuja,Nigeria,city_probability_maps/nigeria/abuja_7471/morphological_informality_probability.tif,city_probability_maps/nigeria/abuja_7471/map_preview.png,false
7516,Kaduna,Nigeria,city_probability_maps/nigeria/kaduna_7516/morphological_informality_probability.tif,city_probability_maps/nigeria/kaduna_7516/map_preview.png,false
7543,Aba,Nigeria,city_probability_maps/nigeria/aba_7543/morphological_informality_probability.tif,city_probability_maps/nigeria/aba_7543/map_preview.png,false
7716,Enugu,Nigeria,city_probability_maps/nigeria/enugu_7716/morphological_informality_probability.tif,city_probability_maps/nigeria/enugu_7716/map_preview.png,false
7961,Uyo,Nigeria,city_probability_maps/nigeria/uyo_7961/morphological_informality_probability.tif,city_probability_maps/nigeria/uyo_7961/map_preview.png,false
8125,Kano,Nigeria,city_probability_maps/nigeria/kano_8125/morphological_informality_probability.tif,city_probability_maps/nigeria/kano_8125/map_preview.png,false
8564,Maiduguri,Nigeria,city_probability_maps/nigeria/maiduguri_8564/morphological_informality_probability.tif,city_probability_maps/nigeria/maiduguri_8564/map_preview.png,false
