"path","size_mb","category"
"data/input/1063/1063_building_presence.tif","0.887","required_predictor"
"data/input/1063/1063_building_height.tif","1.053","required_predictor"
"data/input/1063/1063_ndvi.tif","1.25","required_predictor"
"data/input/1063/1063_ndbi.tif","0.717","required_predictor"
"data/input/1082/1082_building_presence.tif","7.422","required_predictor"
"data/input/1082/1082_building_height.tif","9.097","required_predictor"
"data/input/1082/1082_ndvi.tif","7.663","required_predictor"
"data/input/1082/1082_ndbi.tif","3.81","required_predictor"
"data/input/1284/1284_building_presence.tif","4.048","required_predictor"
"data/input/1284/1284_building_height.tif","4.829","required_predictor"
"data/input/1284/1284_ndvi.tif","4.481","required_predictor"
"data/input/1284/1284_ndbi.tif","2.449","required_predictor"
"data/input/1289/1289_building_presence.tif","10.91","required_predictor"
"data/input/1289/1289_building_height.tif","13.493","required_predictor"
"data/input/1289/1289_ndvi.tif","9.733","required_predictor"
"data/input/1289/1289_ndbi.tif","5.019","required_predictor"
"data/input/1301/1301_building_presence.tif","0.858","required_predictor"
"data/input/1301/1301_building_height.tif","0.987","required_predictor"
"data/input/1301/1301_ndvi.tif","1.431","required_predictor"
"data/input/1301/1301_ndbi.tif","0.755","required_predictor"
"data/input/1399/1399_building_presence.tif","3.611","required_predictor"
"data/input/1399/1399_building_height.tif","4.713","required_predictor"
"data/input/1399/1399_ndvi.tif","4.61","required_predictor"
"data/input/1399/1399_ndbi.tif","2.306","required_predictor"
"data/input/1419/1419_building_presence.tif","3.877","required_predictor"
"data/input/1419/1419_building_height.tif","4.412","required_predictor"
"data/input/1419/1419_ndvi.tif","6.144","required_predictor"
"data/input/1419/1419_ndbi.tif","3.332","required_predictor"
"data/input/1487/1487_building_presence.tif","3.855","required_predictor"
"data/input/1487/1487_building_height.tif","4.631","required_predictor"
"data/input/1487/1487_ndvi.tif","4.158","required_predictor"
"data/input/1487/1487_ndbi.tif","2.057","required_predictor"
"data/input/1517/1517_building_presence.tif","2.921","required_predictor"
"data/input/1517/1517_building_height.tif","3.454","required_predictor"
"data/input/1517/1517_ndvi.tif","3.527","required_predictor"
"data/input/1517/1517_ndbi.tif","1.846","required_predictor"
"data/input/1588/1588_building_presence.tif","3.269","required_predictor"
"data/input/1588/1588_building_height.tif","3.956","required_predictor"
"data/input/1588/1588_ndvi.tif","3.998","required_predictor"
"data/input/1588/1588_ndbi.tif","2.242","required_predictor"
"data/input/1711/1711_building_presence.tif","5.853","required_predictor"
"data/input/1711/1711_building_height.tif","7.117","required_predictor"
"data/input/1711/1711_ndvi.tif","8.137","required_predictor"
"data/input/1711/1711_ndbi.tif","4.567","required_predictor"
"data/input/1717/1717_building_presence.tif","4.047","required_predictor"
"data/input/1717/1717_building_height.tif","5.131","required_predictor"
"data/input/1717/1717_ndvi.tif","5.963","required_predictor"
"data/input/1717/1717_ndbi.tif","3.367","required_predictor"
"data/input/1763/1763_building_presence.tif","1.35","required_predictor"
"data/input/1763/1763_building_height.tif","1.632","required_predictor"
"data/input/1763/1763_ndvi.tif","1.278","required_predictor"
"data/input/1763/1763_ndbi.tif","0.609","required_predictor"
"data/input/1813/1813_building_presence.tif","0.062","required_predictor"
"data/input/1813/1813_building_height.tif","0.075","required_predictor"
"data/input/1813/1813_ndvi.tif","0.128","required_predictor"
"data/input/1813/1813_ndbi.tif","0.074","required_predictor"
"data/input/1853/1853_building_presence.tif","0.018","required_predictor"
"data/input/1853/1853_building_height.tif","0.026","required_predictor"
"data/input/1853/1853_ndvi.tif","1.145","required_predictor"
"data/input/1853/1853_ndbi.tif","0.573","required_predictor"
"data/input/1876/1876_building_presence.tif","4.263","required_predictor"
"data/input/1876/1876_building_height.tif","5.351","required_predictor"
"data/input/1876/1876_ndvi.tif","4.424","required_predictor"
"data/input/1876/1876_ndbi.tif","2.33","required_predictor"
"data/input/1892/1892_building_presence.tif","0.738","required_predictor"
"data/input/1892/1892_building_height.tif","0.884","required_predictor"
"data/input/1892/1892_ndvi.tif","0.926","required_predictor"
"data/input/1892/1892_ndbi.tif","0.499","required_predictor"
"data/input/1900/1900_building_presence.tif","0.634","required_predictor"
"data/input/1900/1900_building_height.tif","0.779","required_predictor"
"data/input/1900/1900_ndvi.tif","0.675","required_predictor"
"data/input/1900/1900_ndbi.tif","0.324","required_predictor"
"data/input/1985/1985_building_presence.tif","2.102","required_predictor"
"data/input/1985/1985_building_height.tif","2.562","required_predictor"
"data/input/1985/1985_ndvi.tif","4.35","required_predictor"
"data/input/1985/1985_ndbi.tif","2.365","required_predictor"
"data/input/2047/2047_building_presence.tif","0.773","required_predictor"
"data/input/2047/2047_building_height.tif","0.942","required_predictor"
"data/input/2047/2047_ndvi.tif","0.836","required_predictor"
"data/input/2047/2047_ndbi.tif","0.408","required_predictor"
"data/input/2102/2102_building_presence.tif","0.088","required_predictor"
"data/input/2102/2102_building_height.tif","0.125","required_predictor"
"data/input/2102/2102_ndvi.tif","3.704","required_predictor"
"data/input/2102/2102_ndbi.tif","1.893","required_predictor"
"data/input/222/222_building_presence.tif","1.596","required_predictor"
"data/input/222/222_building_height.tif","1.929","required_predictor"
"data/input/222/222_ndvi.tif","1.014","required_predictor"
"data/input/222/222_ndbi.tif","0.303","required_predictor"
"data/input/2276/2276_building_presence.tif","2.582","required_predictor"
"data/input/2276/2276_building_height.tif","3.197","required_predictor"
"data/input/2276/2276_ndvi.tif","3.285","required_predictor"
"data/input/2276/2276_ndbi.tif","1.858","required_predictor"
"data/input/258/258_building_presence.tif","0.074","required_predictor"
"data/input/258/258_building_height.tif","0.105","required_predictor"
"data/input/258/258_ndvi.tif","4.179","required_predictor"
"data/input/258/258_ndbi.tif","1.966","required_predictor"
"data/input/2747/2747_building_presence.tif","0.051","required_predictor"
"data/input/2747/2747_building_height.tif","0.072","required_predictor"
"data/input/2747/2747_ndvi.tif","1.954","required_predictor"
"data/input/2747/2747_ndbi.tif","1.052","required_predictor"
"data/input/2880/2880_building_presence.tif","4.921","required_predictor"
"data/input/2880/2880_building_height.tif","5.84","required_predictor"
"data/input/2880/2880_ndvi.tif","5.265","required_predictor"
"data/input/2880/2880_ndbi.tif","2.916","required_predictor"
"data/input/2902/2902_building_presence.tif","1.152","required_predictor"
"data/input/2902/2902_building_height.tif","1.438","required_predictor"
"data/input/2902/2902_ndvi.tif","1.404","required_predictor"
"data/input/2902/2902_ndbi.tif","0.699","required_predictor"
"data/input/291/291_building_presence.tif","2.611","required_predictor"
"data/input/291/291_building_height.tif","3.649","required_predictor"
"data/input/291/291_ndvi.tif","3.662","required_predictor"
"data/input/291/291_ndbi.tif","2.077","required_predictor"
"data/input/295/295_building_presence.tif","0.971","required_predictor"
"data/input/295/295_building_height.tif","1.193","required_predictor"
"data/input/295/295_ndvi.tif","1.4","required_predictor"
"data/input/295/295_ndbi.tif","0.768","required_predictor"
"data/input/2967/2967_building_presence.tif","1.526","required_predictor"
"data/input/2967/2967_building_height.tif","1.869","required_predictor"
"data/input/2967/2967_ndvi.tif","1.455","required_predictor"
"data/input/2967/2967_ndbi.tif","0.672","required_predictor"
"data/input/299/299_building_presence.tif","4.572","required_predictor"
"data/input/299/299_building_height.tif","5.399","required_predictor"
"data/input/299/299_ndvi.tif","6.143","required_predictor"
"data/input/299/299_ndbi.tif","3.319","required_predictor"
"data/input/2996/2996_building_presence.tif","4.02","required_predictor"
"data/input/2996/2996_building_height.tif","5.018","required_predictor"
"data/input/2996/2996_ndvi.tif","3.506","required_predictor"
"data/input/2996/2996_ndbi.tif","1.756","required_predictor"
"data/input/3175/3175_building_presence.tif","9.933","required_predictor"
"data/input/3175/3175_building_height.tif","12.188","required_predictor"
"data/input/3175/3175_ndvi.tif","9.483","required_predictor"
"data/input/3175/3175_ndbi.tif","4.893","required_predictor"
"data/input/3193/3193_building_presence.tif","1.165","required_predictor"
"data/input/3193/3193_building_height.tif","1.415","required_predictor"
"data/input/3193/3193_ndvi.tif","7.048","required_predictor"
"data/input/3193/3193_ndbi.tif","7.225","required_predictor"
"data/input/3306/3306_building_presence.tif","0.946","required_predictor"
"data/input/3306/3306_building_height.tif","1.121","required_predictor"
"data/input/3306/3306_ndvi.tif","1.203","required_predictor"
"data/input/3306/3306_ndbi.tif","0.647","required_predictor"
"data/input/3397/3397_building_presence.tif","3.287","required_predictor"
"data/input/3397/3397_building_height.tif","4.376","required_predictor"
"data/input/3397/3397_ndvi.tif","4.942","required_predictor"
"data/input/3397/3397_ndbi.tif","2.629","required_predictor"
"data/input/3509/3509_building_presence.tif","0.483","required_predictor"
"data/input/3509/3509_building_height.tif","0.577","required_predictor"
"data/input/3509/3509_ndvi.tif","0.767","required_predictor"
"data/input/3509/3509_ndbi.tif","0.423","required_predictor"
"data/input/3512/3512_building_presence.tif","13.658","required_predictor"
"data/input/3512/3512_building_height.tif","16.834","required_predictor"
"data/input/3512/3512_ndvi.tif","18.956","required_predictor"
"data/input/3512/3512_ndbi.tif","10.185","required_predictor"
"data/input/3562/3562_building_presence.tif","0.294","required_predictor"
"data/input/3562/3562_building_height.tif","0.343","required_predictor"
"data/input/3562/3562_ndvi.tif","0.484","required_predictor"
"data/input/3562/3562_ndbi.tif","0.269","required_predictor"
"data/input/3570/3570_building_presence.tif","6.664","required_predictor"
"data/input/3570/3570_building_height.tif","7.973","required_predictor"
"data/input/3570/3570_ndvi.tif","7.77","required_predictor"
"data/input/3570/3570_ndbi.tif","4.125","required_predictor"
"data/input/3673/3673_building_presence.tif","0.885","required_predictor"
"data/input/3673/3673_building_height.tif","1.071","required_predictor"
"data/input/3673/3673_ndvi.tif","0.879","required_predictor"
"data/input/3673/3673_ndbi.tif","0.447","required_predictor"
"data/input/3809/3809_building_presence.tif","2.832","required_predictor"
"data/input/3809/3809_building_height.tif","3.238","required_predictor"
"data/input/3809/3809_ndvi.tif","4.173","required_predictor"
"data/input/3809/3809_ndbi.tif","2.246","required_predictor"
"data/input/3886/3886_building_presence.tif","0.015","required_predictor"
"data/input/3886/3886_building_height.tif","0.021","required_predictor"
"data/input/3886/3886_ndvi.tif","0.854","required_predictor"
"data/input/3886/3886_ndbi.tif","0.526","required_predictor"
"data/input/39/39_building_presence.tif","2.184","required_predictor"
"data/input/39/39_building_height.tif","2.834","required_predictor"
"data/input/39/39_ndvi.tif","1.912","required_predictor"
"data/input/39/39_ndbi.tif","1.019","required_predictor"
"data/input/391/391_building_presence.tif","3.412","required_predictor"
"data/input/391/391_building_height.tif","4.244","required_predictor"
"data/input/391/391_ndvi.tif","3.636","required_predictor"
"data/input/391/391_ndbi.tif","1.902","required_predictor"
"data/input/3943/3943_building_presence.tif","3.812","required_predictor"
"data/input/3943/3943_building_height.tif","4.649","required_predictor"
"data/input/3943/3943_ndvi.tif","5.357","required_predictor"
"data/input/3943/3943_ndbi.tif","2.898","required_predictor"
"data/input/395/395_building_presence.tif","1.218","required_predictor"
"data/input/395/395_building_height.tif","1.47","required_predictor"
"data/input/395/395_ndvi.tif","1.568","required_predictor"
"data/input/395/395_ndbi.tif","0.803","required_predictor"
"data/input/40/40_building_presence.tif","1.368","required_predictor"
"data/input/40/40_building_height.tif","1.641","required_predictor"
"data/input/40/40_ndvi.tif","1.675","required_predictor"
"data/input/40/40_ndbi.tif","0.888","required_predictor"
"data/input/4155/4155_building_presence.tif","7.315","required_predictor"
"data/input/4155/4155_building_height.tif","9.21","required_predictor"
"data/input/4155/4155_ndvi.tif","7.133","required_predictor"
"data/input/4155/4155_ndbi.tif","3.348","required_predictor"
"data/input/4183/4183_building_presence.tif","1.841","required_predictor"
"data/input/4183/4183_building_height.tif","2.171","required_predictor"
"data/input/4183/4183_ndvi.tif","2.029","required_predictor"
"data/input/4183/4183_ndbi.tif","1.086","required_predictor"
"data/input/4230/4230_building_presence.tif","0.513","required_predictor"
"data/input/4230/4230_building_height.tif","0.731","required_predictor"
"data/input/4230/4230_ndvi.tif","0.697","required_predictor"
"data/input/4230/4230_ndbi.tif","0.369","required_predictor"
"data/input/424/424_building_presence.tif","1.667","required_predictor"
"data/input/424/424_building_height.tif","1.961","required_predictor"
"data/input/424/424_ndvi.tif","1.942","required_predictor"
"data/input/424/424_ndbi.tif","0.962","required_predictor"
"data/input/427/427_building_presence.tif","1.436","required_predictor"
"data/input/427/427_building_height.tif","1.771","required_predictor"
"data/input/427/427_ndvi.tif","1.633","required_predictor"
"data/input/427/427_ndbi.tif","0.866","required_predictor"
"data/input/43/43_building_presence.tif","0.529","required_predictor"
"data/input/43/43_building_height.tif","0.63","required_predictor"
"data/input/43/43_ndvi.tif","0.824","required_predictor"
"data/input/43/43_ndbi.tif","0.446","required_predictor"
"data/input/4305/4305_building_presence.tif","1.567","required_predictor"
"data/input/4305/4305_building_height.tif","2.042","required_predictor"
"data/input/4305/4305_ndvi.tif","3.357","required_predictor"
"data/input/4305/4305_ndbi.tif","1.979","required_predictor"
"data/input/431/431_building_presence.tif","5.96","required_predictor"
"data/input/431/431_building_height.tif","7.405","required_predictor"
"data/input/431/431_ndvi.tif","7.703","required_predictor"
"data/input/431/431_ndbi.tif","4.002","required_predictor"
"data/input/4407/4407_building_presence.tif","0.016","required_predictor"
"data/input/4407/4407_building_height.tif","0.022","required_predictor"
"data/input/4407/4407_ndvi.tif","1.007","required_predictor"
"data/input/4407/4407_ndbi.tif","0.51","required_predictor"
"data/input/4416/4416_building_presence.tif","0.514","required_predictor"
"data/input/4416/4416_building_height.tif","0.602","required_predictor"
"data/input/4416/4416_ndvi.tif","0.931","required_predictor"
"data/input/4416/4416_ndbi.tif","0.524","required_predictor"
"data/input/4605/4605_building_presence.tif","11.687","required_predictor"
"data/input/4605/4605_building_height.tif","16.029","required_predictor"
"data/input/4605/4605_ndvi.tif","14.865","required_predictor"
"data/input/4605/4605_ndbi.tif","7.579","required_predictor"
"data/input/461/461_building_presence.tif","1.083","required_predictor"
"data/input/461/461_building_height.tif","1.294","required_predictor"
"data/input/461/461_ndvi.tif","1.326","required_predictor"
"data/input/461/461_ndbi.tif","0.698","required_predictor"
"data/input/47/47_building_presence.tif","1.517","required_predictor"
"data/input/47/47_building_height.tif","1.867","required_predictor"
"data/input/47/47_ndvi.tif","1.627","required_predictor"
"data/input/47/47_ndbi.tif","0.878","required_predictor"
"data/input/4720/4720_building_presence.tif","0.195","required_predictor"
"data/input/4720/4720_building_height.tif","0.235","required_predictor"
"data/input/4720/4720_ndvi.tif","0.286","required_predictor"
"data/input/4720/4720_ndbi.tif","0.159","required_predictor"
"data/input/4787/4787_building_presence.tif","6.067","required_predictor"
"data/input/4787/4787_building_height.tif","7.585","required_predictor"
"data/input/4787/4787_ndvi.tif","9.003","required_predictor"
"data/input/4787/4787_ndbi.tif","5.064","required_predictor"
"data/input/4952/4952_building_presence.tif","0.791","required_predictor"
"data/input/4952/4952_building_height.tif","0.914","required_predictor"
"data/input/4952/4952_ndvi.tif","1.357","required_predictor"
"data/input/4952/4952_ndbi.tif","0.749","required_predictor"
"data/input/50/50_building_presence.tif","2.039","required_predictor"
"data/input/50/50_building_height.tif","2.474","required_predictor"
"data/input/50/50_ndvi.tif","2.496","required_predictor"
"data/input/50/50_ndbi.tif","1.336","required_predictor"
"data/input/5167/5167_building_presence.tif","0.966","required_predictor"
"data/input/5167/5167_building_height.tif","1.327","required_predictor"
"data/input/5167/5167_ndvi.tif","1.94","required_predictor"
"data/input/5167/5167_ndbi.tif","1.088","required_predictor"
"data/input/5409/5409_building_presence.tif","0.661","required_predictor"
"data/input/5409/5409_building_height.tif","0.767","required_predictor"
"data/input/5409/5409_ndvi.tif","0.967","required_predictor"
"data/input/5409/5409_ndbi.tif","0.549","required_predictor"
"data/input/548/548_building_presence.tif","1.622","required_predictor"
"data/input/548/548_building_height.tif","1.972","required_predictor"
"data/input/548/548_ndvi.tif","1.9","required_predictor"
"data/input/548/548_ndbi.tif","0.951","required_predictor"
"data/input/564/564_building_presence.tif","0.693","required_predictor"
"data/input/564/564_building_height.tif","0.821","required_predictor"
"data/input/564/564_ndvi.tif","0.528","required_predictor"
"data/input/564/564_ndbi.tif","0.256","required_predictor"
"data/input/582/582_building_presence.tif","0.957","required_predictor"
"data/input/582/582_building_height.tif","1.147","required_predictor"
"data/input/582/582_ndvi.tif","1.138","required_predictor"
"data/input/582/582_ndbi.tif","0.738","required_predictor"
"data/input/5822/5822_building_presence.tif","0.413","required_predictor"
"data/input/5822/5822_building_height.tif","0.505","required_predictor"
"data/input/5822/5822_ndvi.tif","0.569","required_predictor"
"data/input/5822/5822_ndbi.tif","0.304","required_predictor"
"data/input/5862/5862_building_presence.tif","3.911","required_predictor"
"data/input/5862/5862_building_height.tif","4.98","required_predictor"
"data/input/5862/5862_ndvi.tif","4.368","required_predictor"
"data/input/5862/5862_ndbi.tif","2.32","required_predictor"
"data/input/5918/5918_building_presence.tif","0.684","required_predictor"
"data/input/5918/5918_building_height.tif","0.929","required_predictor"
"data/input/5918/5918_ndvi.tif","1.363","required_predictor"
"data/input/5918/5918_ndbi.tif","0.792","required_predictor"
"data/input/5935/5935_building_presence.tif","3.481","required_predictor"
"data/input/5935/5935_building_height.tif","4.213","required_predictor"
"data/input/5935/5935_ndvi.tif","3.408","required_predictor"
"data/input/5935/5935_ndbi.tif","1.869","required_predictor"
"data/input/597/597_building_presence.tif","1.668","required_predictor"
"data/input/597/597_building_height.tif","2.035","required_predictor"
"data/input/597/597_ndvi.tif","2.969","required_predictor"
"data/input/597/597_ndbi.tif","1.641","required_predictor"
"data/input/6009/6009_building_presence.tif","1.394","required_predictor"
"data/input/6009/6009_building_height.tif","1.736","required_predictor"
"data/input/6009/6009_ndvi.tif","1.817","required_predictor"
"data/input/6009/6009_ndbi.tif","1.014","required_predictor"
"data/input/6321/6321_building_presence.tif","2.674","required_predictor"
"data/input/6321/6321_building_height.tif","3.118","required_predictor"
"data/input/6321/6321_ndvi.tif","3.166","required_predictor"
"data/input/6321/6321_ndbi.tif","1.617","required_predictor"
"data/input/6474/6474_building_presence.tif","0.533","required_predictor"
"data/input/6474/6474_building_height.tif","0.618","required_predictor"
"data/input/6474/6474_ndvi.tif","0.953","required_predictor"
"data/input/6474/6474_ndbi.tif","0.519","required_predictor"
"data/input/673/673_building_presence.tif","2.555","required_predictor"
"data/input/673/673_building_height.tif","3.188","required_predictor"
"data/input/673/673_ndvi.tif","2.842","required_predictor"
"data/input/673/673_ndbi.tif","1.519","required_predictor"
"data/input/6745/6745_building_presence.tif","0.438","required_predictor"
"data/input/6745/6745_building_height.tif","0.552","required_predictor"
"data/input/6745/6745_ndvi.tif","0.598","required_predictor"
"data/input/6745/6745_ndbi.tif","0.331","required_predictor"
"data/input/6776/6776_building_presence.tif","0.682","required_predictor"
"data/input/6776/6776_building_height.tif","0.892","required_predictor"
"data/input/6776/6776_ndvi.tif","1.366","required_predictor"
"data/input/6776/6776_ndbi.tif","0.764","required_predictor"
"data/input/7054/7054_building_presence.tif","0.488","required_predictor"
"data/input/7054/7054_building_height.tif","0.574","required_predictor"
"data/input/7054/7054_ndvi.tif","0.729","required_predictor"
"data/input/7054/7054_ndbi.tif","0.42","required_predictor"
"data/input/7092/7092_building_presence.tif","6.144","required_predictor"
"data/input/7092/7092_building_height.tif","7.446","required_predictor"
"data/input/7092/7092_ndvi.tif","10.436","required_predictor"
"data/input/7092/7092_ndbi.tif","6.009","required_predictor"
"data/input/7093/7093_building_presence.tif","0.783","required_predictor"
"data/input/7093/7093_building_height.tif","1.02","required_predictor"
"data/input/7093/7093_ndvi.tif","1.654","required_predictor"
"data/input/7093/7093_ndbi.tif","0.953","required_predictor"
"data/input/7131/7131_building_presence.tif","5.511","required_predictor"
"data/input/7131/7131_building_height.tif","6.585","required_predictor"
"data/input/7131/7131_ndvi.tif","10.426","required_predictor"
"data/input/7131/7131_ndbi.tif","6.169","required_predictor"
"data/input/7209/7209_building_presence.tif","2.656","required_predictor"
"data/input/7209/7209_building_height.tif","3.401","required_predictor"
"data/input/7209/7209_ndvi.tif","2.811","required_predictor"
"data/input/7209/7209_ndbi.tif","1.56","required_predictor"
"data/input/7222/7222_building_presence.tif","1.044","required_predictor"
"data/input/7222/7222_building_height.tif","1.318","required_predictor"
"data/input/7222/7222_ndvi.tif","3.061","required_predictor"
"data/input/7222/7222_ndbi.tif","1.763","required_predictor"
"data/input/7426/7426_building_presence.tif","1.577","required_predictor"
"data/input/7426/7426_building_height.tif","1.877","required_predictor"
"data/input/7426/7426_ndvi.tif","3.302","required_predictor"
"data/input/7426/7426_ndbi.tif","1.982","required_predictor"
"data/input/746/746_building_presence.tif","0.392","required_predictor"
"data/input/746/746_building_height.tif","0.478","required_predictor"
"data/input/746/746_ndvi.tif","0.696","required_predictor"
"data/input/746/746_ndbi.tif","0.408","required_predictor"
"data/input/7471/7471_building_presence.tif","2.249","required_predictor"
"data/input/7471/7471_building_height.tif","2.738","required_predictor"
"data/input/7471/7471_ndvi.tif","2.933","required_predictor"
"data/input/7471/7471_ndbi.tif","1.599","required_predictor"
"data/input/7516/7516_building_presence.tif","2.265","required_predictor"
"data/input/7516/7516_building_height.tif","2.711","required_predictor"
"data/input/7516/7516_ndvi.tif","2.643","required_predictor"
"data/input/7516/7516_ndbi.tif","1.349","required_predictor"
"data/input/7543/7543_building_presence.tif","1.463","required_predictor"
"data/input/7543/7543_building_height.tif","1.796","required_predictor"
"data/input/7543/7543_ndvi.tif","1.945","required_predictor"
"data/input/7543/7543_ndbi.tif","1.115","required_predictor"
"data/input/7716/7716_building_presence.tif","1.323","required_predictor"
"data/input/7716/7716_building_height.tif","1.653","required_predictor"
"data/input/7716/7716_ndvi.tif","1.475","required_predictor"
"data/input/7716/7716_ndbi.tif","0.806","required_predictor"
"data/input/7961/7961_building_presence.tif","1.592","required_predictor"
"data/input/7961/7961_building_height.tif","1.889","required_predictor"
"data/input/7961/7961_ndvi.tif","2.778","required_predictor"
"data/input/7961/7961_ndbi.tif","1.625","required_predictor"
"data/input/8125/8125_building_presence.tif","3.305","required_predictor"
"data/input/8125/8125_building_height.tif","4.06","required_predictor"
"data/input/8125/8125_ndvi.tif","3.448","required_predictor"
"data/input/8125/8125_ndbi.tif","1.73","required_predictor"
"data/input/820/820_building_presence.tif","2.965","required_predictor"
"data/input/820/820_building_height.tif","3.57","required_predictor"
"data/input/820/820_ndvi.tif","2.647","required_predictor"
"data/input/820/820_ndbi.tif","1.414","required_predictor"
"data/input/832/832_building_presence.tif","2.355","required_predictor"
"data/input/832/832_building_height.tif","2.941","required_predictor"
"data/input/832/832_ndvi.tif","2.926","required_predictor"
"data/input/832/832_ndbi.tif","1.586","required_predictor"
"data/input/85/85_building_presence.tif","1.602","required_predictor"
"data/input/85/85_building_height.tif","1.976","required_predictor"
"data/input/85/85_ndvi.tif","1.72","required_predictor"
"data/input/85/85_ndbi.tif","0.925","required_predictor"
"data/input/8564/8564_building_presence.tif","1.307","required_predictor"
"data/input/8564/8564_building_height.tif","1.546","required_predictor"
"data/input/8564/8564_ndvi.tif","1.437","required_predictor"
"data/input/8564/8564_ndbi.tif","0.731","required_predictor"
"data/input/873/873_building_presence.tif","1.149","required_predictor"
"data/input/873/873_building_height.tif","1.384","required_predictor"
"data/input/873/873_ndvi.tif","1.955","required_predictor"
"data/input/873/873_ndbi.tif","1.072","required_predictor"
"data/input/945/945_building_presence.tif","1.205","required_predictor"
"data/input/945/945_building_height.tif","1.598","required_predictor"
"data/input/945/945_ndvi.tif","1.671","required_predictor"
"data/input/945/945_ndbi.tif","0.864","required_predictor"
"data/input/986/986_building_presence.tif","0.746","required_predictor"
"data/input/986/986_building_height.tif","0.912","required_predictor"
"data/input/986/986_ndvi.tif","0.759","required_predictor"
"data/input/986/986_ndbi.tif","0.406","required_predictor"
"data/input/994/994_building_presence.tif","0.414","required_predictor"
"data/input/994/994_building_height.tif","0.504","required_predictor"
"data/input/994/994_ndvi.tif","0.683","required_predictor"
"data/input/994/994_ndbi.tif","0.385","required_predictor"
