"","ID_UC_G0","bin","count","GC_UCN_MAI_2025","GC_CNT_GAD_2025","city_country","prop"
"1",1063,"p0_0.2",609839,"Takoradi","Ghana","Takoradi (Ghana)",0.847845278827051
"2",1063,"p0.2_0.4",51014,"Takoradi","Ghana","Takoradi (Ghana)",0.0709236028756494
"3",1063,"p0.4_0.6",21963,"Takoradi","Ghana","Takoradi (Ghana)",0.0305346589163345
"4",1063,"p0.6_0.8",16567,"Takoradi","Ghana","Takoradi (Ghana)",0.0230327229552845
"5",1063,"p0.8_1",19898,"Takoradi","Ghana","Takoradi (Ghana)",0.0276637364256806
"6",1082,"p0_0.2",3301982,"Luanda","Angola","Luanda (Angola)",0.517785934022234
"7",1082,"p0.2_0.4",1217009,"Luanda","Angola","Luanda (Angola)",0.190839968775864
"8",1082,"p0.4_0.6",648931,"Luanda","Angola","Luanda (Angola)",0.101759290011569
"9",1082,"p0.6_0.8",645118,"Luanda","Angola","Luanda (Angola)",0.101161371014305
"10",1082,"p0.8_1",564078,"Luanda","Angola","Luanda (Angola)",0.0884534361760281
"11",1284,"p0_0.2",2976824,"Kumasi","Ghana","Kumasi (Ghana)",0.883119086913015
"12",1284,"p0.2_0.4",157063,"Kumasi","Ghana","Kumasi (Ghana)",0.0465950735239366
"13",1284,"p0.4_0.6",85176,"Kumasi","Ghana","Kumasi (Ghana)",0.0252687264503723
"14",1284,"p0.6_0.8",64125,"Kumasi","Ghana","Kumasi (Ghana)",0.019023634399715
"15",1284,"p0.8_1",87619,"Kumasi","Ghana","Kumasi (Ghana)",0.025993478712961
"16",1289,"p0_0.2",4567022,"Lagos","Nigeria","Lagos (Nigeria)",0.51651751027771
"17",1289,"p0.2_0.4",2346636,"Lagos","Nigeria","Lagos (Nigeria)",0.265398017405663
"18",1289,"p0.4_0.6",1173756,"Lagos","Nigeria","Lagos (Nigeria)",0.132748545286956
"19",1289,"p0.6_0.8",589126,"Lagos","Nigeria","Lagos (Nigeria)",0.0666285152030943
"20",1289,"p0.8_1",165410,"Lagos","Nigeria","Lagos (Nigeria)",0.0187074118265767
"21",1301,"p0_0.2",535585,"Lubango","Angola","Lubango (Angola)",0.778552572667911
"22",1301,"p0.2_0.4",101480,"Lubango","Angola","Lubango (Angola)",0.147516295404725
"23",1301,"p0.4_0.6",33749,"Lubango","Angola","Lubango (Angola)",0.0490591983998232
"24",1301,"p0.6_0.8",13925,"Lubango","Angola","Lubango (Angola)",0.0202420616230863
"25",1301,"p0.8_1",3185,"Lubango","Angola","Lubango (Angola)",0.00462987190445456
"26",1399,"p0_0.2",2320936,"Tunis","Tunisia","Tunis (Tunisia)",0.813733935674329
"27",1399,"p0.2_0.4",283494,"Tunis","Tunisia","Tunis (Tunisia)",0.099394678853729
"28",1399,"p0.4_0.6",111865,"Tunis","Tunisia","Tunis (Tunisia)",0.0392205328859602
"29",1399,"p0.6_0.8",76482,"Tunis","Tunisia","Tunis (Tunisia)",0.0268150430982345
"30",1399,"p0.8_1",59428,"Tunis","Tunisia","Tunis (Tunisia)",0.0208358094877472
"31",1419,"p0_0.2",2693547,"Harare","Zimbabwe","Harare (Zimbabwe)",0.814663444162124
"32",1419,"p0.2_0.4",565843,"Harare","Zimbabwe","Harare (Zimbabwe)",0.171139247703875
"33",1419,"p0.4_0.6",45091,"Harare","Zimbabwe","Harare (Zimbabwe)",0.0136377755282215
"34",1419,"p0.6_0.8",1711,"Harare","Zimbabwe","Harare (Zimbabwe)",0.000517492047831872
"35",1419,"p0.8_1",139,"Harare","Zimbabwe","Harare (Zimbabwe)",4.20405579477675e-05
"36",1487,"p0_0.2",1315855,"Ouagadougou","Burkina Faso","Ouagadougou (Burkina Faso)",0.41190711785692
"37",1487,"p0.2_0.4",705468,"Ouagadougou","Burkina Faso","Ouagadougou (Burkina Faso)",0.220835343271322
"38",1487,"p0.4_0.6",668120,"Ouagadougou","Burkina Faso","Ouagadougou (Burkina Faso)",0.209144156143774
"39",1487,"p0.6_0.8",468132,"Ouagadougou","Burkina Faso","Ouagadougou (Burkina Faso)",0.14654114845222
"40",1487,"p0.8_1",36968,"Ouagadougou","Burkina Faso","Ouagadougou (Burkina Faso)",0.0115722342757634
"41",1517,"p0_0.2",1696736,"Lusaka","Zambia","Lusaka (Zambia)",0.712305234809732
"42",1517,"p0.2_0.4",309848,"Lusaka","Zambia","Lusaka (Zambia)",0.130077013981743
"43",1517,"p0.4_0.6",183360,"Lusaka","Zambia","Lusaka (Zambia)",0.07697619892235
"44",1517,"p0.6_0.8",139657,"Lusaka","Zambia","Lusaka (Zambia)",0.0586292812658084
"45",1517,"p0.8_1",52434,"Lusaka","Zambia","Lusaka (Zambia)",0.022012271020367
"46",1588,"p0_0.2",2327809,"Cotonou","Benin","Cotonou (Benin)",0.87368181635638
"47",1588,"p0.2_0.4",178787,"Cotonou","Benin","Cotonou (Benin)",0.0671029929435397
"48",1588,"p0.4_0.6",82009,"Cotonou","Benin","Cotonou (Benin)",0.0307799188325032
"49",1588,"p0.6_0.8",48271,"Cotonou","Benin","Cotonou (Benin)",0.0181172488624878
"50",1588,"p0.8_1",27491,"Cotonou","Benin","Cotonou (Benin)",0.010318023005089
"51",1711,"p0_0.2",3443528,"Kampala","Uganda","Kampala (Uganda)",0.741106578157861
"52",1711,"p0.2_0.4",731963,"Kampala","Uganda","Kampala (Uganda)",0.157531053694979
"53",1711,"p0.4_0.6",264213,"Kampala","Uganda","Kampala (Uganda)",0.0568631915683052
"54",1711,"p0.6_0.8",129027,"Kampala","Uganda","Kampala (Uganda)",0.0277688343059718
"55",1711,"p0.8_1",77737,"Kampala","Uganda","Kampala (Uganda)",0.0167303422728834
"56",1717,"p0_0.2",2763626,"Nairobi","Kenya","Nairobi (Kenya)",0.837009678098362
"57",1717,"p0.2_0.4",291773,"Nairobi","Kenya","Nairobi (Kenya)",0.088368261410116
"58",1717,"p0.4_0.6",115215,"Nairobi","Kenya","Nairobi (Kenya)",0.0348947614699322
"59",1717,"p0.6_0.8",76162,"Nairobi","Kenya","Nairobi (Kenya)",0.023066916834379
"60",1717,"p0.8_1",55009,"Nairobi","Kenya","Nairobi (Kenya)",0.0166603821872109
"61",1763,"p0_0.2",733975,"Touba","Senegal","Touba (Senegal)",0.645731866105488
"62",1763,"p0.2_0.4",359123,"Touba","Senegal","Touba (Senegal)",0.315946953167889
"63",1763,"p0.4_0.6",36108,"Touba","Senegal","Touba (Senegal)",0.031766867020453
"64",1763,"p0.6_0.8",6032,"Touba","Senegal","Touba (Senegal)",0.00530679466786785
"65",1763,"p0.8_1",1418,"Touba","Senegal","Touba (Senegal)",0.00124751903830183
"66",1876,"p0_0.2",1027119,"Kinshasa","Democratic Republic of the Congo","Kinshasa (Democratic Republic of the Congo)",0.272093008470199
"67",1876,"p0.2_0.4",1276046,"Kinshasa","Democratic Republic of the Congo","Kinshasa (Democratic Republic of the Congo)",0.33803599688679
"68",1876,"p0.4_0.6",442489,"Kinshasa","Democratic Republic of the Congo","Kinshasa (Democratic Republic of the Congo)",0.117219293212344
"69",1876,"p0.6_0.8",330848,"Kinshasa","Democratic Republic of the Congo","Kinshasa (Democratic Republic of the Congo)",0.0876445939237306
"70",1876,"p0.8_1",698380,"Kinshasa","Democratic Republic of the Congo","Kinshasa (Democratic Republic of the Congo)",0.185007107506937
"71",1900,"p0_0.2",293313,"Hargeisa","Somalia","Hargeisa (Somalia)",0.578357796935017
"72",1900,"p0.2_0.4",160652,"Hargeisa","Somalia","Hargeisa (Somalia)",0.316775379179253
"73",1900,"p0.4_0.6",44532,"Hargeisa","Somalia","Hargeisa (Somalia)",0.0878086870104979
"74",1900,"p0.6_0.8",7789,"Hargeisa","Somalia","Hargeisa (Somalia)",0.0153584358017778
"75",1900,"p0.8_1",862,"Hargeisa","Somalia","Hargeisa (Somalia)",0.0016997010734539
"76",1985,"p0_0.2",1024410,"Antananarivo","Madagascar","Antananarivo (Madagascar)",0.601027204370723
"77",1985,"p0.2_0.4",325811,"Antananarivo","Madagascar","Antananarivo (Madagascar)",0.191155176621889
"78",1985,"p0.4_0.6",140018,"Antananarivo","Madagascar","Antananarivo (Madagascar)",0.0821493611948145
"79",1985,"p0.6_0.8",113638,"Antananarivo","Madagascar","Antananarivo (Madagascar)",0.0666720643592704
"80",1985,"p0.8_1",100555,"Antananarivo","Madagascar","Antananarivo (Madagascar)",0.0589961934533029
"81",2047,"p0_0.2",104354,"Nyala","Sudan","Nyala (Sudan)",0.154355437289128
"82",2047,"p0.2_0.4",334251,"Nyala","Sudan","Nyala (Sudan)",0.494408065520521
"83",2047,"p0.4_0.6",231701,"Nyala","Sudan","Nyala (Sudan)",0.342721018603296
"84",2047,"p0.6_0.8",4097,"Nyala","Sudan","Nyala (Sudan)",0.00606008611623473
"85",2047,"p0.8_1",1660,"Nyala","Sudan","Nyala (Sudan)",0.00245539247082003
"86",222,"p0_0.2",384972,"Nouakchott","Mauritania","Nouakchott (Mauritania)",0.300759375
"87",222,"p0.2_0.4",420286,"Nouakchott","Mauritania","Nouakchott (Mauritania)",0.3283484375
"88",222,"p0.4_0.6",384091,"Nouakchott","Mauritania","Nouakchott (Mauritania)",0.30007109375
"89",222,"p0.6_0.8",85587,"Nouakchott","Mauritania","Nouakchott (Mauritania)",0.06686484375
"90",222,"p0.8_1",5064,"Nouakchott","Mauritania","Nouakchott (Mauritania)",0.00395625
"91",2276,"p0_0.2",1545202,"Yaoundé","Cameroon","Yaoundé (Cameroon)",0.747788625613518
"92",2276,"p0.2_0.4",285796,"Yaoundé","Cameroon","Yaoundé (Cameroon)",0.138308776487372
"93",2276,"p0.4_0.6",121620,"Yaoundé","Cameroon","Yaoundé (Cameroon)",0.0588570637671424
"94",2276,"p0.6_0.8",68732,"Yaoundé","Cameroon","Yaoundé (Cameroon)",0.0332623228650159
"95",2276,"p0.8_1",45012,"Yaoundé","Cameroon","Yaoundé (Cameroon)",0.0217832112669513
"96",2880,"p0_0.2",3081053,"Ibadan","Nigeria","Ibadan (Nigeria)",0.787759587375507
"97",2880,"p0.2_0.4",459953,"Ibadan","Nigeria","Ibadan (Nigeria)",0.117600179384167
"98",2880,"p0.4_0.6",183591,"Ibadan","Nigeria","Ibadan (Nigeria)",0.0469403059297768
"99",2880,"p0.6_0.8",106506,"Ibadan","Nigeria","Ibadan (Nigeria)",0.0272313142983959
"100",2880,"p0.8_1",80056,"Ibadan","Nigeria","Ibadan (Nigeria)",0.0204686130121532
"101",2902,"p0_0.2",588035,"Mombasa","Kenya","Mombasa (Kenya)",0.63973868012794
"102",2902,"p0.2_0.4",151616,"Mombasa","Kenya","Mombasa (Kenya)",0.164947017994299
"103",2902,"p0.4_0.6",62832,"Mombasa","Kenya","Mombasa (Kenya)",0.0683565786897017
"104",2902,"p0.6_0.8",58011,"Mombasa","Kenya","Mombasa (Kenya)",0.0631116865031876
"105",2902,"p0.8_1",58686,"Mombasa","Kenya","Mombasa (Kenya)",0.0638460366848713
"106",291,"p0_0.2",1430289,"Alexandria","Egypt","Alexandria (Egypt)",0.705202206688995
"107",291,"p0.2_0.4",366400,"Alexandria","Egypt","Alexandria (Egypt)",0.180653062794196
"108",291,"p0.4_0.6",126010,"Alexandria","Egypt","Alexandria (Egypt)",0.0621290732606349
"109",291,"p0.6_0.8",70717,"Alexandria","Egypt","Alexandria (Egypt)",0.0348669286070337
"110",291,"p0.8_1",34781,"Alexandria","Egypt","Alexandria (Egypt)",0.0171487286491401
"111",295,"p0_0.2",371594,"Bujumbura","Burundi","Bujumbura (Burundi)",0.488909881770314
"112",295,"p0.2_0.4",147447,"Bujumbura","Burundi","Bujumbura (Burundi)",0.19399746857427
"113",295,"p0.4_0.6",114313,"Bujumbura","Burundi","Bujumbura (Burundi)",0.1504027387816
"114",295,"p0.6_0.8",88711,"Bujumbura","Burundi","Bujumbura (Burundi)",0.116717935493378
"115",295,"p0.8_1",37981,"Bujumbura","Burundi","Bujumbura (Burundi)",0.0499719753804375
"116",2967,"p0_0.2",432151,"Mogadishu","Somalia","Mogadishu (Somalia)",0.352731983081311
"117",2967,"p0.2_0.4",425717,"Mogadishu","Somalia","Mogadishu (Somalia)",0.347480398382571
"118",2967,"p0.4_0.6",237520,"Mogadishu","Somalia","Mogadishu (Somalia)",0.193869505384629
"119",2967,"p0.6_0.8",86789,"Mogadishu","Somalia","Mogadishu (Somalia)",0.0708392577586165
"120",2967,"p0.8_1",42977,"Mogadishu","Somalia","Mogadishu (Somalia)",0.0350788553928731
"121",299,"p0_0.2",2045475,"Maputo","Mozambique","Maputo (Mozambique)",0.522400676894489
"122",299,"p0.2_0.4",627134,"Maputo","Mozambique","Maputo (Mozambique)",0.160165842214424
"123",299,"p0.4_0.6",447349,"Maputo","Mozambique","Maputo (Mozambique)",0.114249951922205
"124",299,"p0.6_0.8",334999,"Maputo","Mozambique","Maputo (Mozambique)",0.0855565110103896
"125",299,"p0.8_1",460572,"Maputo","Mozambique","Maputo (Mozambique)",0.117627017958493
"126",2996,"p0_0.2",1587102,"Abidjan","Côte d'Ivoire","Abidjan (Côte d'Ivoire)",0.48382255614435
"127",2996,"p0.2_0.4",423487,"Abidjan","Côte d'Ivoire","Abidjan (Côte d'Ivoire)",0.129098547436713
"128",2996,"p0.4_0.6",410102,"Abidjan","Côte d'Ivoire","Abidjan (Côte d'Ivoire)",0.125018176475053
"129",2996,"p0.6_0.8",440209,"Abidjan","Côte d'Ivoire","Abidjan (Côte d'Ivoire)",0.134196191308276
"130",2996,"p0.8_1",419439,"Abidjan","Côte d'Ivoire","Abidjan (Côte d'Ivoire)",0.127864528635607
"131",3175,"p0_0.2",6050173,"Accra","Ghana","Accra (Ghana)",0.727599738745045
"132",3175,"p0.2_0.4",1130845,"Accra","Ghana","Accra (Ghana)",0.135996528787051
"133",3175,"p0.4_0.6",427618,"Accra","Ghana","Accra (Ghana)",0.0514257600704441
"134",3175,"p0.6_0.8",302834,"Accra","Ghana","Accra (Ghana)",0.0364191138473424
"135",3175,"p0.8_1",403779,"Accra","Ghana","Accra (Ghana)",0.0485588585501168
"136",3306,"p0_0.2",319920,"Nampula","Mozambique","Nampula (Mozambique)",0.393143340268314
"137",3306,"p0.2_0.4",250899,"Nampula","Mozambique","Nampula (Mozambique)",0.308324802856901
"138",3306,"p0.4_0.6",160720,"Nampula","Mozambique","Nampula (Mozambique)",0.197505619054524
"139",3306,"p0.6_0.8",72417,"Nampula","Mozambique","Nampula (Mozambique)",0.088991814429265
"140",3306,"p0.8_1",9793,"Nampula","Mozambique","Nampula (Mozambique)",0.0120344233909965
"141",3397,"p0_0.2",2267889,"Algiers","Algeria","Algiers (Algeria)",0.857301138361114
"142",3397,"p0.2_0.4",299204,"Algiers","Algeria","Algiers (Algeria)",0.113104270007129
"143",3397,"p0.4_0.6",58157,"Algiers","Algeria","Algiers (Algeria)",0.0219843485742324
"144",3397,"p0.6_0.8",15486,"Algiers","Algeria","Algiers (Algeria)",0.00585397496467429
"145",3397,"p0.8_1",4646,"Algiers","Algeria","Algiers (Algeria)",0.00175626809285011
"146",3509,"p0_0.2",280344,"Malanje","Angola","Malanje (Angola)",0.699578023272353
"147",3509,"p0.2_0.4",101012,"Malanje","Angola","Malanje (Angola)",0.252068085233809
"148",3509,"p0.4_0.6",18503,"Malanje","Angola","Malanje (Angola)",0.0461728881824057
"149",3509,"p0.6_0.8",870,"Malanje","Angola","Malanje (Angola)",0.00217102160291266
"150",3509,"p0.8_1",4,"Malanje","Angola","Malanje (Angola)",9.98170851913868e-06
"151",3512,"p0_0.2",8330601,"Johannesburg","South Africa","Johannesburg (South Africa)",0.75326595902149
"152",3512,"p0.2_0.4",1381526,"Johannesburg","South Africa","Johannesburg (South Africa)",0.124919739560582
"153",3512,"p0.4_0.6",750893,"Johannesburg","South Africa","Johannesburg (South Africa)",0.0678969183336861
"154",3512,"p0.6_0.8",424361,"Johannesburg","South Africa","Johannesburg (South Africa)",0.0383713846859691
"155",3512,"p0.8_1",171928,"Johannesburg","South Africa","Johannesburg (South Africa)",0.0155459983982724
"156",3562,"p0_0.2",56138,"Tshikapa","Democratic Republic of the Congo","Tshikapa (Democratic Republic of the Congo)",0.214726953514969
"157",3562,"p0.2_0.4",158351,"Tshikapa","Democratic Republic of the Congo","Tshikapa (Democratic Republic of the Congo)",0.605690046244057
"158",3562,"p0.4_0.6",34845,"Tshikapa","Democratic Republic of the Congo","Tshikapa (Democratic Republic of the Congo)",0.133281568549451
"159",3562,"p0.6_0.8",10286,"Tshikapa","Democratic Republic of the Congo","Tshikapa (Democratic Republic of the Congo)",0.0393437857396945
"160",3562,"p0.8_1",1819,"Tshikapa","Democratic Republic of the Congo","Tshikapa (Democratic Republic of the Congo)",0.00695764595182815
"161",3570,"p0_0.2",3698776,"Dar es-Salaam","Tanzania","Dar es-Salaam (Tanzania)",0.679447569610855
"162",3570,"p0.2_0.4",999034,"Dar es-Salaam","Tanzania","Dar es-Salaam (Tanzania)",0.183517797038428
"163",3570,"p0.4_0.6",393348,"Dar es-Salaam","Tanzania","Dar es-Salaam (Tanzania)",0.0722561578779819
"164",3570,"p0.6_0.8",175791,"Dar es-Salaam","Tanzania","Dar es-Salaam (Tanzania)",0.0322919711032681
"165",3570,"p0.8_1",176850,"Dar es-Salaam","Tanzania","Dar es-Salaam (Tanzania)",0.032486504369467
"166",3673,"p0_0.2",325624,"Zanzibar City","Tanzania","Zanzibar City (Tanzania)",0.471063416722965
"167",3673,"p0.2_0.4",171720,"Zanzibar City","Tanzania","Zanzibar City (Tanzania)",0.248418451710155
"168",3673,"p0.4_0.6",64554,"Zanzibar City","Tanzania","Zanzibar City (Tanzania)",0.0933869364762251
"169",3673,"p0.6_0.8",54436,"Zanzibar City","Tanzania","Zanzibar City (Tanzania)",0.0787497486448522
"170",3673,"p0.8_1",74919,"Zanzibar City","Tanzania","Zanzibar City (Tanzania)",0.108381446445802
"171",3809,"p0_0.2",1312930,"Soshanguve","South Africa","Soshanguve (South Africa)",0.581302834190576
"172",3809,"p0.2_0.4",686104,"Soshanguve","South Africa","Soshanguve (South Africa)",0.303774153800653
"173",3809,"p0.4_0.6",239857,"Soshanguve","South Africa","Soshanguve (South Africa)",0.106197248825489
"174",3809,"p0.6_0.8",19145,"Soshanguve","South Africa","Soshanguve (South Africa)",0.00847649361396158
"175",3809,"p0.8_1",563,"Soshanguve","South Africa","Soshanguve (South Africa)",0.000249269569321513
"176",39,"p0_0.2",1022692,"Dakar","Senegal","Dakar (Senegal)",0.578653532235843
"177",39,"p0.2_0.4",308456,"Dakar","Senegal","Dakar (Senegal)",0.174528747598827
"178",39,"p0.4_0.6",180755,"Dakar","Senegal","Dakar (Senegal)",0.102273723877071
"179",39,"p0.6_0.8",128724,"Dakar","Senegal","Dakar (Senegal)",0.0728338515247275
"180",39,"p0.8_1",126738,"Dakar","Senegal","Dakar (Senegal)",0.0717101447635322
"181",391,"p0_0.2",1637837,"Bamako","Mali","Bamako (Mali)",0.581514381486546
"182",391,"p0.2_0.4",516180,"Bamako","Mali","Bamako (Mali)",0.1832698207671
"183",391,"p0.4_0.6",356730,"Bamako","Mali","Bamako (Mali)",0.12665706374181
"184",391,"p0.6_0.8",244762,"Bamako","Mali","Bamako (Mali)",0.0869028010976732
"185",391,"p0.8_1",60994,"Bamako","Mali","Bamako (Mali)",0.0216559329068707
"186",3943,"p0_0.2",2535330,"Pretoria","South Africa","Pretoria (South Africa)",0.82814489963439
"187",3943,"p0.2_0.4",209518,"Pretoria","South Africa","Pretoria (South Africa)",0.0684373486219143
"188",3943,"p0.4_0.6",107107,"Pretoria","South Africa","Pretoria (South Africa)",0.0349856293914956
"189",3943,"p0.6_0.8",100192,"Pretoria","South Africa","Pretoria (South Africa)",0.0327269009494499
"190",3943,"p0.8_1",109310,"Pretoria","South Africa","Pretoria (South Africa)",0.0357052214027504
"191",395,"p0_0.2",539607,"Bobo-Dioulasso","Burkina Faso","Bobo-Dioulasso (Burkina Faso)",0.540450102159369
"192",395,"p0.2_0.4",230149,"Bobo-Dioulasso","Burkina Faso","Bobo-Dioulasso (Burkina Faso)",0.230508593405713
"193",395,"p0.4_0.6",155978,"Bobo-Dioulasso","Burkina Faso","Bobo-Dioulasso (Burkina Faso)",0.156221705861143
"194",395,"p0.6_0.8",61796,"Bobo-Dioulasso","Burkina Faso","Bobo-Dioulasso (Burkina Faso)",0.0618925523817155
"195",395,"p0.8_1",10910,"Bobo-Dioulasso","Burkina Faso","Bobo-Dioulasso (Burkina Faso)",0.0109270461920596
"196",40,"p0_0.2",891817,"Serrekunda","Gambia","Serrekunda (Gambia)",0.778190318791917
"197",40,"p0.2_0.4",150871,"Serrekunda","Gambia","Serrekunda (Gambia)",0.131648478988913
"198",40,"p0.4_0.6",73175,"Serrekunda","Gambia","Serrekunda (Gambia)",0.0638517505021754
"199",40,"p0.6_0.8",24335,"Serrekunda","Gambia","Serrekunda (Gambia)",0.0212344700850077
"200",40,"p0.8_1",5816,"Serrekunda","Gambia","Serrekunda (Gambia)",0.00507498163198704
"201",4155,"p0_0.2",2320562,"Khartoum","Sudan","Khartoum (Sudan)",0.388074482890562
"202",4155,"p0.2_0.4",1832438,"Khartoum","Sudan","Khartoum (Sudan)",0.306444055051757
"203",4155,"p0.4_0.6",1372745,"Khartoum","Sudan","Khartoum (Sudan)",0.229568227875663
"204",4155,"p0.6_0.8",402130,"Khartoum","Sudan","Khartoum (Sudan)",0.0672493955364182
"205",4155,"p0.8_1",51807,"Khartoum","Sudan","Khartoum (Sudan)",0.00866383864560022
"206",4183,"p0_0.2",1240599,"Ilorin","Nigeria","Ilorin (Nigeria)",0.847861788712344
"207",4183,"p0.2_0.4",96057,"Ilorin","Nigeria","Ilorin (Nigeria)",0.0656481746626763
"208",4183,"p0.4_0.6",43931,"Ilorin","Nigeria","Ilorin (Nigeria)",0.0300237355019003
"209",4183,"p0.6_0.8",40952,"Ilorin","Nigeria","Ilorin (Nigeria)",0.0279877994189484
"210",4183,"p0.8_1",41670,"Ilorin","Nigeria","Ilorin (Nigeria)",0.0284785017041311
"211",4230,"p0_0.2",209513,"El Mahalla El Kubra","Egypt","El Mahalla El Kubra (Egypt)",0.523857149643824
"212",4230,"p0.2_0.4",74848,"El Mahalla El Kubra","Egypt","El Mahalla El Kubra (Egypt)",0.187146668400247
"213",4230,"p0.4_0.6",44735,"El Mahalla El Kubra","Egypt","El Mahalla El Kubra (Egypt)",0.111853439115074
"214",4230,"p0.6_0.8",39930,"El Mahalla El Kubra","Egypt","El Mahalla El Kubra (Egypt)",0.0998392270898603
"215",4230,"p0.8_1",30917,"El Mahalla El Kubra","Egypt","El Mahalla El Kubra (Egypt)",0.0773035157509945
"216",424,"p0_0.2",645273,"N'Djamena","Chad","N'Djamena (Chad)",0.474642734197774
"217",424,"p0.2_0.4",404071,"N'Djamena","Chad","N'Djamena (Chad)",0.297222050589485
"218",424,"p0.4_0.6",202678,"N'Djamena","Chad","N'Djamena (Chad)",0.149083628296452
"219",424,"p0.6_0.8",91748,"N'Djamena","Chad","N'Djamena (Chad)",0.0674869730752369
"220",424,"p0.8_1",15722,"N'Djamena","Chad","N'Djamena (Chad)",0.0115646138410524
"221",427,"p0_0.2",711613,"Brazzaville","Republic of the Congo","Brazzaville (Republic of the Congo)",0.587645143469174
"222",427,"p0.2_0.4",197120,"Brazzaville","Republic of the Congo","Brazzaville (Republic of the Congo)",0.16278034645326
"223",427,"p0.4_0.6",120174,"Brazzaville","Republic of the Congo","Brazzaville (Republic of the Congo)",0.0992388664502538
"224",427,"p0.6_0.8",113377,"Brazzaville","Republic of the Congo","Brazzaville (Republic of the Congo)",0.0936259503846957
"225",427,"p0.8_1",68673,"Brazzaville","Republic of the Congo","Brazzaville (Republic of the Congo)",0.0567096932426172
"226",4305,"p0_0.2",809095,"Banha","Egypt","Banha (Egypt)",0.677191050075286
"227",4305,"p0.2_0.4",168681,"Banha","Egypt","Banha (Egypt)",0.141181521969298
"228",4305,"p0.4_0.6",75517,"Banha","Egypt","Banha (Egypt)",0.0632057255681167
"229",4305,"p0.6_0.8",65882,"Banha","Egypt","Banha (Egypt)",0.0551414861803125
"230",4305,"p0.8_1",75606,"Banha","Egypt","Banha (Egypt)",0.0632802162069869
"231",431,"p0_0.2",2791522,"Cape Town","South Africa","Cape Town (South Africa)",0.579577682936653
"232",431,"p0.2_0.4",954032,"Cape Town","South Africa","Cape Town (South Africa)",0.198076768159958
"233",431,"p0.4_0.6",530783,"Cape Town","South Africa","Cape Town (South Africa)",0.110201524932336
"234",431,"p0.6_0.8",357312,"Cape Town","South Africa","Cape Town (South Africa)",0.0741853587560698
"235",431,"p0.8_1",182827,"Cape Town","South Africa","Cape Town (South Africa)",0.0379586652149829
"236",4416,"p0_0.2",168527,"Kananga","Democratic Republic of the Congo","Kananga (Democratic Republic of the Congo)",0.352575059258686
"237",4416,"p0.2_0.4",283840,"Kananga","Democratic Republic of the Congo","Kananga (Democratic Republic of the Congo)",0.5938211967221
"238",4416,"p0.4_0.6",23496,"Kananga","Democratic Republic of the Congo","Kananga (Democratic Republic of the Congo)",0.0491559429191885
"239",4416,"p0.6_0.8",2114,"Kananga","Democratic Republic of the Congo","Kananga (Democratic Republic of the Congo)",0.00442269591978058
"240",4416,"p0.8_1",12,"Kananga","Democratic Republic of the Congo","Kananga (Democratic Republic of the Congo)",2.51051802447337e-05
"241",4605,"p0_0.2",6111665,"Cairo","Egypt","Cairo (Egypt)",0.645605962717592
"242",4605,"p0.2_0.4",1552047,"Cairo","Egypt","Cairo (Egypt)",0.163950543365507
"243",4605,"p0.4_0.6",664669,"Cairo","Egypt","Cairo (Egypt)",0.0702123348765908
"244",4605,"p0.6_0.8",590227,"Cairo","Egypt","Cairo (Egypt)",0.0623486513997276
"245",4605,"p0.8_1",547948,"Cairo","Egypt","Cairo (Egypt)",0.0578825076405823
"246",461,"p0_0.2",459355,"Lilongwe","Malawi","Lilongwe (Malawi)",0.513299720864538
"247",461,"p0.2_0.4",253145,"Lilongwe","Malawi","Lilongwe (Malawi)",0.282873285015409
"248",461,"p0.4_0.6",137471,"Lilongwe","Malawi","Lilongwe (Malawi)",0.153615016549224
"249",461,"p0.6_0.8",38060,"Lilongwe","Malawi","Lilongwe (Malawi)",0.0425296064614608
"250",461,"p0.8_1",6875,"Lilongwe","Malawi","Lilongwe (Malawi)",0.00768237110936791
"251",47,"p0_0.2",774841,"Freetown","Sierra Leone","Freetown (Sierra Leone)",0.626083548804137
"252",47,"p0.2_0.4",202894,"Freetown","Sierra Leone","Freetown (Sierra Leone)",0.163941499676794
"253",47,"p0.4_0.6",126158,"Freetown","Sierra Leone","Freetown (Sierra Leone)",0.101937621202327
"254",47,"p0.6_0.8",82969,"Freetown","Sierra Leone","Freetown (Sierra Leone)",0.0670402391725921
"255",47,"p0.8_1",50738,"Freetown","Sierra Leone","Freetown (Sierra Leone)",0.04099709114415
"256",4787,"p0_0.2",3840184,"Durban","South Africa","Durban (South Africa)",0.775355379426406
"257",4787,"p0.2_0.4",769299,"Durban","South Africa","Durban (South Africa)",0.155325921371829
"258",4787,"p0.4_0.6",276137,"Durban","South Africa","Durban (South Africa)",0.0557536587852742
"259",4787,"p0.6_0.8",55766,"Durban","South Africa","Durban (South Africa)",0.0112594782148702
"260",4787,"p0.8_1",11419,"Durban","South Africa","Durban (South Africa)",0.0023055622016211
"261",4952,"p0_0.2",265836,"Kasaï-Oriental","Democratic Republic of the Congo","Kasaï-Oriental (Democratic Republic of the Congo)",0.355217163564839
"262",4952,"p0.2_0.4",441718,"Kasaï-Oriental","Democratic Republic of the Congo","Kasaï-Oriental (Democratic Republic of the Congo)",0.590235389697158
"263",4952,"p0.4_0.6",38307,"Kasaï-Oriental","Democratic Republic of the Congo","Kasaï-Oriental (Democratic Republic of the Congo)",0.0511868365634387
"264",4952,"p0.6_0.8",2139,"Kasaï-Oriental","Democratic Republic of the Congo","Kasaï-Oriental (Democratic Republic of the Congo)",0.00285818893176692
"265",4952,"p0.8_1",376,"Kasaï-Oriental","Democratic Republic of the Congo","Kasaï-Oriental (Democratic Republic of the Congo)",0.000502421242797738
"266",50,"p0_0.2",1178994,"Monrovia","Liberia","Monrovia (Liberia)",0.69036927038898
"267",50,"p0.2_0.4",259854,"Monrovia","Liberia","Monrovia (Liberia)",0.15215956687452
"268",50,"p0.4_0.6",142959,"Monrovia","Liberia","Monrovia (Liberia)",0.0837107742071107
"269",50,"p0.6_0.8",75347,"Monrovia","Liberia","Monrovia (Liberia)",0.0441200323462193
"270",50,"p0.8_1",50619,"Monrovia","Liberia","Monrovia (Liberia)",0.0296403561831695
"271",5167,"p0_0.2",435900,"El Mansura","Egypt","El Mansura (Egypt)",0.585718623944188
"272",5167,"p0.2_0.4",134819,"El Mansura","Egypt","El Mansura (Egypt)",0.181156226569239
"273",5167,"p0.4_0.6",58449,"El Mansura","Egypt","El Mansura (Egypt)",0.078537893670369
"274",5167,"p0.6_0.8",54264,"El Mansura","Egypt","El Mansura (Egypt)",0.072914511148675
"275",5167,"p0.8_1",60782,"El Mansura","Egypt","El Mansura (Egypt)",0.0816727446675284
"276",548,"p0_0.2",903698,"Niamey","Niger","Niamey (Niger)",0.671901917121752
"277",548,"p0.2_0.4",307407,"Niamey","Niger","Niamey (Niger)",0.228557939307873
"278",548,"p0.4_0.6",106609,"Niamey","Niger","Niamey (Niger)",0.0792640810120559
"279",548,"p0.6_0.8",25639,"Niamey","Niger","Niamey (Niger)",0.019062666126388
"280",548,"p0.8_1",1632,"Niamey","Niger","Niamey (Niger)",0.00121339643193047
"281",564,"p0_0.2",146032,"Cabinda","Angola","Cabinda (Angola)",0.246672342265645
"282",564,"p0.2_0.4",223510,"Cabinda","Angola","Cabinda (Angola)",0.377545573708463
"283",564,"p0.4_0.6",134169,"Cabinda","Angola","Cabinda (Angola)",0.226633761705923
"284",564,"p0.6_0.8",65185,"Cabinda","Angola","Cabinda (Angola)",0.110108309347171
"285",564,"p0.8_1",23112,"Cabinda","Angola","Cabinda (Angola)",0.0390400129727977
"286",582,"p0_0.2",409729,"Bangui","Central African Republic","Bangui (Central African Republic)",0.512026203088935
"287",582,"p0.2_0.4",168477,"Bangui","Central African Republic","Bangui (Central African Republic)",0.21054071988513
"288",582,"p0.4_0.6",131706,"Bangui","Central African Republic","Bangui (Central African Republic)",0.164589089627611
"289",582,"p0.6_0.8",73840,"Bangui","Central African Republic","Bangui (Central African Republic)",0.0922756622940699
"290",582,"p0.8_1",16459,"Bangui","Central African Republic","Bangui (Central African Republic)",0.0205683251042538
"291",5862,"p0_0.2",1501916,"Addis Ababa","Ethiopia","Addis Ababa (Ethiopia)",0.477021794636031
"292",5862,"p0.2_0.4",631579,"Addis Ababa","Ethiopia","Addis Ababa (Ethiopia)",0.200595071917757
"293",5862,"p0.4_0.6",445720,"Addis Ababa","Ethiopia","Addis Ababa (Ethiopia)",0.141564611006988
"294",5862,"p0.6_0.8",344941,"Addis Ababa","Ethiopia","Addis Ababa (Ethiopia)",0.109556309982414
"295",5862,"p0.8_1",224371,"Addis Ababa","Ethiopia","Addis Ababa (Ethiopia)",0.0712622124568092
"296",5918,"p0_0.2",323352,"Al Zaqaziq","Egypt","Al Zaqaziq (Egypt)",0.624498096678313
"297",5918,"p0.2_0.4",79833,"Al Zaqaziq","Egypt","Al Zaqaziq (Egypt)",0.154183541626833
"298",5918,"p0.4_0.6",38147,"Al Zaqaziq","Egypt","Al Zaqaziq (Egypt)",0.073674289610046
"299",5918,"p0.6_0.8",35273,"Al Zaqaziq","Egypt","Al Zaqaziq (Egypt)",0.068123658935569
"300",5918,"p0.8_1",41174,"Al Zaqaziq","Egypt","Al Zaqaziq (Egypt)",0.0795204131492393
"301",5935,"p0_0.2",2612205,"Benin City","Nigeria","Benin City (Nigeria)",0.926919614485637
"302",5935,"p0.2_0.4",98639,"Benin City","Nigeria","Benin City (Nigeria)",0.0350012437206302
"303",5935,"p0.4_0.6",50241,"Benin City","Nigeria","Benin City (Nigeria)",0.0178276086108758
"304",5935,"p0.6_0.8",33663,"Benin City","Nigeria","Benin City (Nigeria)",0.0119450406772937
"305",5935,"p0.8_1",23409,"Benin City","Nigeria","Benin City (Nigeria)",0.00830649250556303
"306",597,"p0_0.2",861277,"Kigali","Rwanda","Kigali (Rwanda)",0.661156751993196
"307",597,"p0.2_0.4",142790,"Kigali","Rwanda","Kigali (Rwanda)",0.109612322884633
"308",597,"p0.4_0.6",99391,"Kigali","Rwanda","Kigali (Rwanda)",0.0762972083747223
"309",597,"p0.6_0.8",101634,"Kigali","Rwanda","Kigali (Rwanda)",0.0780190407175351
"310",597,"p0.8_1",97590,"Kigali","Rwanda","Kigali (Rwanda)",0.0749146760299137
"311",6009,"p0_0.2",879117,"Warri","Nigeria","Warri (Nigeria)",0.794076920367124
"312",6009,"p0.2_0.4",115776,"Warri","Nigeria","Warri (Nigeria)",0.104576580287293
"313",6009,"p0.4_0.6",48273,"Warri","Nigeria","Warri (Nigeria)",0.0436033829136306
"314",6009,"p0.6_0.8",30931,"Warri","Nigeria","Warri (Nigeria)",0.0279389355727116
"315",6009,"p0.8_1",32996,"Warri","Nigeria","Warri (Nigeria)",0.0298041808592413
"316",6321,"p0_0.2",1593388,"Lubumbashi","Democratic Republic of the Congo","Lubumbashi (Democratic Republic of the Congo)",0.695166042274825
"317",6321,"p0.2_0.4",360022,"Lubumbashi","Democratic Republic of the Congo","Lubumbashi (Democratic Republic of the Congo)",0.157071014010315
"318",6321,"p0.4_0.6",237860,"Lubumbashi","Democratic Republic of the Congo","Lubumbashi (Democratic Republic of the Congo)",0.103773967681123
"319",6321,"p0.6_0.8",92127,"Lubumbashi","Democratic Republic of the Congo","Lubumbashi (Democratic Republic of the Congo)",0.040193325151597
"320",6321,"p0.8_1",8700,"Lubumbashi","Democratic Republic of the Congo","Lubumbashi (Democratic Republic of the Congo)",0.0037956508821398
"321",6474,"p0_0.2",350170,"Okene","Nigeria","Okene (Nigeria)",0.841180540208127
"322",6474,"p0.2_0.4",34532,"Okene","Nigeria","Okene (Nigeria)",0.0829529840205245
"323",6474,"p0.4_0.6",17538,"Okene","Nigeria","Okene (Nigeria)",0.0421298920928981
"324",6474,"p0.6_0.8",10286,"Okene","Nigeria","Okene (Nigeria)",0.0247090928308559
"325",6474,"p0.8_1",3758,"Okene","Nigeria","Okene (Nigeria)",0.00902749084759443
"326",673,"p0_0.2",1535157,"Coyah","Guinea","Coyah (Guinea)",0.756841940235815
"327",673,"p0.2_0.4",234422,"Coyah","Guinea","Coyah (Guinea)",0.11557150266322
"328",673,"p0.4_0.6",108809,"Coyah","Guinea","Coyah (Guinea)",0.0536435131228394
"329",673,"p0.6_0.8",78853,"Coyah","Guinea","Coyah (Guinea)",0.0388750189807392
"330",673,"p0.8_1",71131,"Coyah","Guinea","Coyah (Guinea)",0.0350680249973871
"331",6776,"p0_0.2",329231,"Asyut","Egypt","Asyut (Egypt)",0.619879462495364
"332",6776,"p0.2_0.4",77796,"Asyut","Egypt","Asyut (Egypt)",0.146475097011792
"333",6776,"p0.4_0.6",34962,"Asyut","Egypt","Asyut (Egypt)",0.0658268078272183
"334",6776,"p0.6_0.8",40429,"Asyut","Egypt","Asyut (Egypt)",0.076120130817648
"335",6776,"p0.8_1",48703,"Asyut","Egypt","Asyut (Egypt)",0.0916985018479781
"336",7054,"p0_0.2",169666,"Beni","Democratic Republic of the Congo","Beni (Democratic Republic of the Congo)",0.415109388685819
"337",7054,"p0.2_0.4",190727,"Beni","Democratic Republic of the Congo","Beni (Democratic Republic of the Congo)",0.466637796470007
"338",7054,"p0.4_0.6",44828,"Beni","Democratic Republic of the Congo","Beni (Democratic Republic of the Congo)",0.10967738778546
"339",7054,"p0.6_0.8",3414,"Beni","Democratic Republic of the Congo","Beni (Democratic Republic of the Congo)",0.00835278401667621
"340",7054,"p0.8_1",91,"Beni","Democratic Republic of the Congo","Beni (Democratic Republic of the Congo)",0.000222643042037942
"341",7092,"p0_0.2",4776730,"Onitsha","Nigeria","Onitsha (Nigeria)",0.96117823730834
"342",7092,"p0.2_0.4",122049,"Onitsha","Nigeria","Onitsha (Nigeria)",0.0245588179958351
"343",7092,"p0.4_0.6",35800,"Onitsha","Nigeria","Onitsha (Nigeria)",0.00720371067563763
"344",7092,"p0.6_0.8",19123,"Onitsha","Nigeria","Onitsha (Nigeria)",0.00384794858240834
"345",7092,"p0.8_1",15959,"Onitsha","Nigeria","Onitsha (Nigeria)",0.00321128543777936
"346",7093,"p0_0.2",388457,"Suhaj","Egypt","Suhaj (Egypt)",0.635757936806685
"347",7093,"p0.2_0.4",88064,"Suhaj","Egypt","Suhaj (Egypt)",0.144127630463459
"348",7093,"p0.4_0.6",46258,"Suhaj","Egypt","Suhaj (Egypt)",0.0757069396118583
"349",7093,"p0.6_0.8",41167,"Suhaj","Egypt","Suhaj (Egypt)",0.0673748883004317
"350",7093,"p0.8_1",47068,"Suhaj","Egypt","Suhaj (Egypt)",0.0770326048175656
"351",7131,"p0_0.2",4242191,"Owerri","Nigeria","Owerri (Nigeria)",0.972461015628134
"352",7131,"p0.2_0.4",70034,"Owerri","Nigeria","Owerri (Nigeria)",0.016054282979833
"353",7131,"p0.4_0.6",24512,"Owerri","Nigeria","Owerri (Nigeria)",0.00561902196649722
"354",7131,"p0.6_0.8",17829,"Owerri","Nigeria","Owerri (Nigeria)",0.00408704074088932
"355",7131,"p0.8_1",7759,"Owerri","Nigeria","Owerri (Nigeria)",0.00177863868464638
"356",7209,"p0_0.2",1502154,"Port Harcourt","Nigeria","Port Harcourt (Nigeria)",0.690130854140039
"357",7209,"p0.2_0.4",216348,"Port Harcourt","Nigeria","Port Harcourt (Nigeria)",0.0993962203818578
"358",7209,"p0.4_0.6",118629,"Port Harcourt","Nigeria","Port Harcourt (Nigeria)",0.0545014246846719
"359",7209,"p0.6_0.8",107891,"Port Harcourt","Nigeria","Port Harcourt (Nigeria)",0.0495680922089366
"360",7209,"p0.8_1",231600,"Port Harcourt","Nigeria","Port Harcourt (Nigeria)",0.106403408584495
"361",7222,"p0_0.2",464577,"Luxor","Egypt","Luxor (Egypt)",0.604202838047155
"362",7222,"p0.2_0.4",145723,"Luxor","Egypt","Luxor (Egypt)",0.189519175871267
"363",7222,"p0.4_0.6",60589,"Luxor","Egypt","Luxor (Egypt)",0.0787986614800971
"364",7222,"p0.6_0.8",49057,"Luxor","Egypt","Luxor (Egypt)",0.0638007878695658
"365",7222,"p0.8_1",48963,"Luxor","Egypt","Luxor (Egypt)",0.063678536731915
"366",7426,"p0_0.2",1226717,"Aboh","Nigeria","Aboh (Nigeria)",0.982438563402729
"367",7426,"p0.2_0.4",18967,"Aboh","Nigeria","Aboh (Nigeria)",0.0151900660315782
"368",7426,"p0.4_0.6",2144,"Aboh","Nigeria","Aboh (Nigeria)",0.00171706129444318
"369",7426,"p0.6_0.8",625,"Aboh","Nigeria","Aboh (Nigeria)",0.000500542588165571
"370",7426,"p0.8_1",192,"Aboh","Nigeria","Aboh (Nigeria)",0.000153766683084464
"371",7471,"p0_0.2",1528186,"Abuja","Nigeria","Abuja (Nigeria)",0.836286704167298
"372",7471,"p0.2_0.4",142813,"Abuja","Nigeria","Abuja (Nigeria)",0.0781531914847043
"373",7471,"p0.4_0.6",54094,"Abuja","Nigeria","Abuja (Nigeria)",0.0296024783470244
"374",7471,"p0.6_0.8",46767,"Abuja","Nigeria","Abuja (Nigeria)",0.0255928403308184
"375",7471,"p0.8_1",55487,"Abuja","Nigeria","Abuja (Nigeria)",0.0303647856701546
"376",7516,"p0_0.2",1061404,"Kaduna","Nigeria","Kaduna (Nigeria)",0.594508185519014
"377",7516,"p0.2_0.4",352828,"Kaduna","Nigeria","Kaduna (Nigeria)",0.197624216679325
"378",7516,"p0.4_0.6",160603,"Kaduna","Nigeria","Kaduna (Nigeria)",0.0899561318017552
"379",7516,"p0.6_0.8",120866,"Kaduna","Nigeria","Kaduna (Nigeria)",0.067698846387371
"380",7516,"p0.8_1",89647,"Kaduna","Nigeria","Kaduna (Nigeria)",0.0502126196125349
"381",7543,"p0_0.2",1006823,"Aba","Nigeria","Aba (Nigeria)",0.832113319542232
"382",7543,"p0.2_0.4",100174,"Aba","Nigeria","Aba (Nigeria)",0.0827912350749075
"383",7543,"p0.4_0.6",53134,"Aba","Nigeria","Aba (Nigeria)",0.0439138846853488
"384",7543,"p0.6_0.8",31062,"Aba","Nigeria","Aba (Nigeria)",0.0256719442559624
"385",7543,"p0.8_1",18766,"Aba","Nigeria","Aba (Nigeria)",0.0155096164415488
"386",7716,"p0_0.2",937605,"Enugu","Nigeria","Enugu (Nigeria)",0.857165973544649
"387",7716,"p0.2_0.4",94600,"Enugu","Nigeria","Enugu (Nigeria)",0.0864840749540839
"388",7716,"p0.4_0.6",33410,"Enugu","Nigeria","Enugu (Nigeria)",0.0305436886280755
"389",7716,"p0.6_0.8",16758,"Enugu","Nigeria","Enugu (Nigeria)",0.0153202973370036
"390",7716,"p0.8_1",11470,"Enugu","Nigeria","Enugu (Nigeria)",0.0104859655361876
"391",7961,"p0_0.2",1207073,"Uyo","Nigeria","Uyo (Nigeria)",0.938719405975089
"392",7961,"p0.2_0.4",59944,"Uyo","Nigeria","Uyo (Nigeria)",0.0466173927109386
"393",7961,"p0.4_0.6",13717,"Uyo","Nigeria","Uyo (Nigeria)",0.010667469234885
"394",7961,"p0.6_0.8",3859,"Uyo","Nigeria","Uyo (Nigeria)",0.00300107631241679
"395",7961,"p0.8_1",1279,"Uyo","Nigeria","Uyo (Nigeria)",0.0009946557666704
"396",8125,"p0_0.2",1260820,"Kano","Nigeria","Kano (Nigeria)",0.473810616301036
"397",8125,"p0.2_0.4",506765,"Kano","Nigeria","Kano (Nigeria)",0.190440060412902
"398",8125,"p0.4_0.6",357499,"Kano","Nigeria","Kano (Nigeria)",0.134346553446966
"399",8125,"p0.6_0.8",299438,"Kano","Nigeria","Kano (Nigeria)",0.112527484751154
"400",8125,"p0.8_1",236499,"Kano","Nigeria","Kano (Nigeria)",0.0888752850879418
"401",820,"p0_0.2",662548,"Lomé","Togo","Lomé (Togo)",0.268799052273064
"402",820,"p0.2_0.4",826741,"Lomé","Togo","Lomé (Togo)",0.335412977286604
"403",820,"p0.4_0.6",547234,"Lomé","Togo","Lomé (Togo)",0.222015583129974
"404",820,"p0.6_0.8",338352,"Lomé","Togo","Lomé (Togo)",0.137271106296745
"405",820,"p0.8_1",89970,"Lomé","Togo","Lomé (Togo)",0.0365012810136134
"406",832,"p0_0.2",836966,"Douala","Cameroon","Douala (Cameroon)",0.434369635031647
"407",832,"p0.2_0.4",445429,"Douala","Cameroon","Douala (Cameroon)",0.231169285445898
"408",832,"p0.4_0.6",374334,"Douala","Cameroon","Douala (Cameroon)",0.19427231567344
"409",832,"p0.6_0.8",184599,"Douala","Cameroon","Douala (Cameroon)",0.0958034140660518
"410",832,"p0.8_1",85524,"Douala","Cameroon","Douala (Cameroon)",0.0443853497829621
"411",8564,"p0_0.2",650988,"Maiduguri","Nigeria","Maiduguri (Nigeria)",0.605358497864933
"412",8564,"p0.2_0.4",218005,"Maiduguri","Nigeria","Maiduguri (Nigeria)",0.202724442427579
"413",8564,"p0.4_0.6",114606,"Maiduguri","Nigeria","Maiduguri (Nigeria)",0.106572956807665
"414",8564,"p0.6_0.8",59220,"Maiduguri","Nigeria","Maiduguri (Nigeria)",0.0550691107110443
"415",8564,"p0.8_1",32557,"Maiduguri","Nigeria","Maiduguri (Nigeria)",0.0302749921887786
"416",945,"p0_0.2",754947,"Oran","Algeria","Oran (Algeria)",0.776560224158787
"417",945,"p0.2_0.4",126949,"Oran","Algeria","Oran (Algeria)",0.130583397108319
"418",945,"p0.4_0.6",45876,"Oran","Algeria","Oran (Algeria)",0.0471893746759819
"419",945,"p0.6_0.8",25431,"Oran","Algeria","Oran (Algeria)",0.0261590589280865
"420",945,"p0.8_1",18965,"Oran","Algeria","Oran (Algeria)",0.0195079451288255
